mid,tie,w_poss,l_poss
Washington-Spirit-Boston-Breakers-April-16-2016-NWSL,False,49,51
Seattle-Reign-FC-Sky-Blue-FC-April-17-2016-NWSL,False,35,65
Houston-Dash-Chicago-Red-Stars-April-16-2016-NWSL,False,62,38
FC-Kansas-City-Western-New-York-Flash-April-16-2016-NWSL,False,37,63
Portland-Thorns-FC-Orlando-Pride-April-17-2016-NWSL,False,58,42
Chicago-Red-Stars-Western-New-York-Flash-April-23-2016-NWSL,False,54,46
Orlando-Pride-Houston-Dash-April-23-2016-NWSL,False,52,48
Sky-Blue-FC-Washington-Spirit-April-24-2016-NWSL,False,57,43
Boston-Breakers-Seattle-Reign-FC-April-24-2016-NWSL,False,56,44
FC-Kansas-City-Portland-Thorns-FC-April-23-2016-NWSL,True,33,67
Western-New-York-Flash-Washington-Spirit-April-29-2016-NWSL,False,55,46
Houston-Dash-Sky-Blue-FC-April-29-2016-NWSL,True,57,43
Seattle-Reign-FC-FC-Kansas-City-May-1-2016-NWSL,False,55,45
Chicago-Red-Stars-Orlando-Pride-May-1-2016-NWSL,False,45,55
Boston-Breakers-Portland-Thorns-FC-May-1-2016-NWSL,False,53,47
Washington-Spirit-Portland-Thorns-FC-May-7-2016-NWSL,True,44,56
Sky-Blue-FC-Western-New-York-Flash-May-7-2016-NWSL,False,47,53
Boston-Breakers-Chicago-Red-Stars-May-7-2016-NWSL,False,45,55
Orlando-Pride-Seattle-Reign-FC-May-8-2016-NWSL,False,48,52
FC-Kansas-City-Houston-Dash-May-7-2016-NWSL,False,55,45
Sky-Blue-FC-Boston-Breakers-May-13-2016-NWSL,False,39,61
Washington-Spirit-Houston-Dash-May-14-2016-NWSL,False,56,45
FC-Kansas-City-Chicago-Red-Stars-May-13-2016-NWSL,True,46,54
Orlando-Pride-Western-New-York-Flash-May-14-2016-NWSL,False,58,42
Seattle-Reign-FC-Portland-Thorns-FC-May-14-2016-NWSL,True,61,39
Western-New-York-Flash-Sky-Blue-FC-May-21-2016-NWSL,False,47,53
Houston-Dash-Orlando-Pride-May-20-2016-NWSL,False,45,55
Seattle-Reign-FC-Chicago-Red-Stars-May-22-2016-NWSL,False,47,53
Boston-Breakers-FC-Kansas-City-May-22-2016-NWSL,False,54,46
Portland-Thorns-FC-Washington-Spirit-May-21-2016-NWSL,False,51,49
Western-New-York-Flash-Boston-Breakers-May-27-2016-NWSL,False,48,52
Portland-Thorns-FC-Seattle-Reign-FC-May-29-2016-NWSL,True,34,66
Chicago-Red-Stars-Sky-Blue-FC-May-29-2016-NWSL,True,50,50
FC-Kansas-City-Orlando-Pride-May-28-2016-NWSL,False,48,52
Boston-Breakers-Washington-Spirit-June-10-2016-NWSL,True,40,60
Western-New-York-Flash-Orlando-Pride-June-11-2016-NWSL,False,40,60
Sky-Blue-FC-FC-Kansas-City-June-11-2016-NWSL,True,53,47
Seattle-Reign-FC-Houston-Dash-June-12-2016-NWSL,False,53,47
Chicago-Red-Stars-Portland-Thorns-FC-June-12-2016-NWSL,True,50,50
Western-New-York-Flash-Portland-Thorns-FC-June-17-2016-NWSL,False,58,42
Washington-Spirit-Orlando-Pride-June-18-2016-NWSL,False,46,54
Sky-Blue-FC-Seattle-Reign-FC-June-19-2016-NWSL,True,49,51
Chicago-Red-Stars-Boston-Breakers-June-18-2016-NWSL,False,58,42
Houston-Dash-FC-Kansas-City-June-19-2016-NWSL,False,44,56
Portland-Thorns-FC-Chicago-Red-Stars-June-22-2016-NWSL,False,56,44
Orlando-Pride-Houston-Dash-June-23-2016-NWSL,False,57,43
Western-New-York-Flash-Boston-Breakers-June-24-2016-NWSL,False,61,39
FC-Kansas-City-Seattle-Reign-FC-June-25-2016-NWSL,True,47,53
Washington-Spirit-Sky-Blue-FC-June-25-2016-NWSL,False,36,65
Orlando-Pride-Portland-Thorns-FC-June-26-2016-NWSL,False,47,53
Western-New-York-Flash-Chicago-Red-Stars-July-1-2016-NWSL,False,57,43
Washington-Spirit-FC-Kansas-City-July-2-2016-NWSL,False,56,45
Seattle-Reign-FC-Boston-Breakers-July-2-2016-NWSL,False,67,33
Portland-Thorns-FC-Sky-Blue-FC-July-2-2016-NWSL,False,46,54
Washington-Spirit-Chicago-Red-Stars-July-9-2016-NWSL,False,47,53
Western-New-York-Flash-Seattle-Reign-FC-July-9-2016-NWSL,False,48,53
Sky-Blue-FC-Houston-Dash-July-9-2016-NWSL,False,52,48
Orlando-Pride-Boston-Breakers-July-10-2016-NWSL,False,60,40
Portland-Thorns-FC-FC-Kansas-City-July-9-2016-NWSL,False,55,45
FC-Kansas-City-Washington-Spirit-July-16-2016-NWSL,False,54,46
Orlando-Pride-Chicago-Red-Stars-July-16-2016-NWSL,False,38,63
Boston-Breakers-Sky-Blue-FC-July-17-2016-NWSL,False,58,42
Seattle-Reign-FC-Western-New-York-Flash-July-16-2016-NWSL,True,56,44
Houston-Dash-Portland-Thorns-FC-July-16-2016-NWSL,False,48,52
Sky-Blue-FC-Washington-Spirit-July-23-2016-NWSL,False,43,57
Western-New-York-Flash-FC-Kansas-City-July-23-2016-NWSL,False,41,59
Seattle-Reign-FC-Orlando-Pride-July-23-2016-NWSL,False,60,40
Chicago-Red-Stars-Houston-Dash-July-23-2016-NWSL,True,53,47
Washington-Spirit-Sky-Blue-FC-July-31-2016-NWSL,False,63,37
Boston-Breakers-Orlando-Pride-July-31-2016-NWSL,False,51,49
Chicago-Red-Stars-FC-Kansas-City-July-30-2016-NWSL,False,45,55
Portland-Thorns-FC-Seattle-Reign-FC-July-30-2016-NWSL,False,29,71
Houston-Dash-Western-New-York-Flash-July-30-2016-NWSL,True,47,53
Houston-Dash-Washington-Spirit-August-18-2016-NWSL,False,55,45
Orlando-Pride-Washington-Spirit-August-26-2016-NWSL,False,56,44
Seattle-Reign-FC-Portland-Thorns-FC-August-27-2016-NWSL,False,54,46
Sky-Blue-FC-Chicago-Red-Stars-August-27-2016-NWSL,False,51,49
Western-New-York-Flash-Houston-Dash-August-27-2016-NWSL,True,47,53
FC-Kansas-City-Boston-Breakers-August-28-2016-NWSL,False,49,51
Boston-Breakers-Houston-Dash-August-31-2016-NWSL,False,52,49
Washington-Spirit-Western-New-York-Flash-September-3-2016-NWSL,True,48,52
Portland-Thorns-FC-Boston-Breakers-September-4-2016-NWSL,False,54,46
FC-Kansas-City-Sky-Blue-FC-September-4-2016-NWSL,False,50,51
Chicago-Red-Stars-Seattle-Reign-FC-September-4-2016-NWSL,True,39,61
Houston-Dash-Orlando-Pride-September-3-2016-NWSL,False,49,51
Boston-Breakers-Western-New-York-Flash-September-7-2016-NWSL,True,47,53
Washington-Spirit-Seattle-Reign-FC-September-7-2016-NWSL,False,48,53
Sky-Blue-FC-Orlando-Pride-September-7-2016-NWSL,True,42,58
Chicago-Red-Stars-FC-Kansas-City-September-7-2016-NWSL,False,48,52
Portland-Thorns-FC-Houston-Dash-September-7-2016-NWSL,False,58,42
Orlando-Pride-Sky-Blue-FC-September-10-2016-NWSL,False,53,47
FC-Kansas-City-Chicago-Red-Stars-September-11-2016-NWSL,True,58,42
Houston-Dash-Boston-Breakers-September-11-2016-NWSL,False,66,34
Portland-Thorns-FC-Western-New-York-Flash-September-11-2016-NWSL,False,65,36
Seattle-Reign-FC-Washington-Spirit-September-11-2016-NWSL,False,61,39
Orlando-Pride-FC-Kansas-City-September-24-2016-NWSL,False,41,60
Boston-Breakers-Western-New-York-Flash-September-24-2016-NWSL,False,43,57
Sky-Blue-FC-Portland-Thorns-FC-September-25-2016-NWSL,False,62,38
Chicago-Red-Stars-Washington-Spirit-September-24-2016-NWSL,False,31,69
Houston-Dash-Seattle-Reign-FC-September-25-2016-NWSL,False,56,44
Washington-Spirit-Chicago-Red-Stars-September-30-2016-NWSL,False,55,45
Portland-Thorns-FC-Western-New-York-Flash-October-2-2016-NWSL,False,41,59
Washington-Spirit-Western-New-York-Flash-October-9-2016-NWSL,True,58,42
North-Carolina-Courage-Chicago-Red-Stars-April-13-2019-NWSL,True,60,40
Washington-Spirit-Sky-Blue-FC-April-13-2019-NWSL,False,60,40
Orlando-Pride-Portland-Thorns-FC-April-14-2019-NWSL,False,47,53
Houston-Dash-Reign-FC-April-14-2019-NWSL,True,54,46
North-Carolina-Courage-Orlando-Pride-April-17-2019-NWSL,False,53,47
Chicago-Red-Stars-Portland-Thorns-FC-April-20-2019-NWSL,True,51,49
Sky-Blue-FC-Houston-Dash-April-20-2019-NWSL,False,54,46
Utah-Royals-FC-Washington-Spirit-April-20-2019-NWSL,False,48,52
Reign-FC-Orlando-Pride-April-21-2019-NWSL,True,54,46
Orlando-Pride-Utah-Royals-FC-April-27-2019-NWSL,False,55,45
Chicago-Red-Stars-Reign-FC-April-28-2019-NWSL,False,47,53
Houston-Dash-North-Carolina-Courage-April-28-2019-NWSL,False,58,42
Sky-Blue-FC-Portland-Thorns-FC-April-28-2019-NWSL,True,43,57
North-Carolina-Courage-Sky-Blue-FC-May-4-2019-NWSL,True,58,42
Washington-Spirit-Reign-FC-May-4-2019-NWSL,True,49,51
Utah-Royals-FC-Chicago-Red-Stars-May-3-2019-NWSL,False,56,44
Houston-Dash-Orlando-Pride-May-5-2019-NWSL,False,47,53
Utah-Royals-FC-Houston-Dash-May-11-2019-NWSL,False,36,64
Sky-Blue-FC-Washington-Spirit-May-11-2019-NWSL,False,59,41
Orlando-Pride-Portland-Thorns-FC-May-11-2019-NWSL,False,50,50
Chicago-Red-Stars-North-Carolina-Courage-May-12-2019-NWSL,False,46,54
Reign-FC-Sky-Blue-FC-May-18-2019-NWSL,False,54,46
Washington-Spirit-Portland-Thorns-FC-May-18-2019-NWSL,False,46,54
North-Carolina-Courage-Utah-Royals-FC-May-19-2019-NWSL,True,54,46
Houston-Dash-Chicago-Red-Stars-May-19-2019-NWSL,False,50,50
Sky-Blue-FC-Portland-Thorns-FC-May-25-2019-NWSL,False,51,49
Chicago-Red-Stars-Washington-Spirit-May-26-2019-NWSL,False,52,48
Utah-Royals-FC-Orlando-Pride-May-25-2019-NWSL,False,59,41
Reign-FC-North-Carolina-Courage-May-27-2019-NWSL,False,44,56
Washington-Spirit-Utah-Royals-FC-June-1-2019-NWSL,False,62,38
Orlando-Pride-North-Carolina-Courage-June-1-2019-NWSL,False,58,42
Reign-FC-Houston-Dash-June-2-2019-NWSL,True,50,50
Portland-Thorns-FC-Chicago-Red-Stars-June-2-2019-NWSL,False,41,59
North-Carolina-Courage-Portland-Thorns-FC-June-15-2019-NWSL,True,65,35
Reign-FC-Washington-Spirit-June-15-2019-NWSL,True,52,48
Houston-Dash-Orlando-Pride-June-15-2019-NWSL,True,56,44
Utah-Royals-FC-Sky-Blue-FC-June-15-2019-NWSL,False,48,52
Washington-Spirit-Houston-Dash-June-22-2019-NWSL,True,63,37
Sky-Blue-FC-Orlando-Pride-June-22-2019-NWSL,False,44,56
Portland-Thorns-FC-Utah-Royals-FC-June-21-2019-NWSL,True,45,55
Chicago-Red-Stars-Reign-FC-June-23-2019-NWSL,False,52,48
Washington-Spirit-North-Carolina-Courage-June-29-2019-NWSL,False,47,53
Utah-Royals-FC-Reign-FC-June-28-2019-NWSL,False,49,51
Orlando-Pride-Chicago-Red-Stars-June-30-2019-NWSL,False,53,47
Houston-Dash-Portland-Thorns-FC-June-29-2019-NWSL,False,44,56
North-Carolina-Courage-Houston-Dash-July-5-2019-NWSL,False,47,53
Orlando-Pride-Washington-Spirit-July-6-2019-NWSL,False,44,56
Portland-Thorns-FC-Reign-FC-July-5-2019-NWSL,False,46,54
Chicago-Red-Stars-Sky-Blue-FC-July-6-2019-NWSL,False,44,56
Sky-Blue-FC-Utah-Royals-FC-July-12-2019-NWSL,False,43,57
North-Carolina-Courage-Reign-FC-July-13-2019-NWSL,False,53,47
Portland-Thorns-FC-Orlando-Pride-July-14-2019-NWSL,False,57,43
Houston-Dash-Chicago-Red-Stars-July-13-2019-NWSL,False,46,54
Orlando-Pride-Sky-Blue-FC-July-20-2019-NWSL,False,52,48
Utah-Royals-FC-Portland-Thorns-FC-July-19-2019-NWSL,True,55,45
Chicago-Red-Stars-North-Carolina-Courage-July-21-2019-NWSL,False,50,50
Washington-Spirit-Houston-Dash-July-20-2019-NWSL,False,46,54
Sky-Blue-FC-Washington-Spirit-July-24-2019-NWSL,False,63,37
Portland-Thorns-FC-Houston-Dash-July-24-2019-NWSL,False,57,43
Reign-FC-Chicago-Red-Stars-July-28-2019-NWSL,False,44,56
Utah-Royals-FC-North-Carolina-Courage-July-27-2019-NWSL,False,45,55
Houston-Dash-Sky-Blue-FC-July-28-2019-NWSL,False,48,52
Houston-Dash-Reign-FC-August-2-2019-NWSL,False,44,56
North-Carolina-Courage-Washington-Spirit-August-2-2019-NWSL,False,60,40
Chicago-Red-Stars-Utah-Royals-FC-August-3-2019-NWSL,False,41,59
Portland-Thorns-FC-Sky-Blue-FC-August-3-2019-NWSL,True,53,47
Reign-FC-Portland-Thorns-FC-August-7-2019-NWSL,False,42,58
Utah-Royals-FC-Sky-Blue-FC-August-7-2019-NWSL,False,55,45
Washington-Spirit-Chicago-Red-Stars-August-10-2019-NWSL,False,53,47
Orlando-Pride-Houston-Dash-August-10-2019-NWSL,False,54,46
Portland-Thorns-FC-North-Carolina-Courage-August-11-2019-NWSL,False,47,53
Reign-FC-Utah-Royals-FC-August-11-2019-NWSL,False,48,52
Sky-Blue-FC-Chicago-Red-Stars-August-14-2019-NWSL,False,41,59
Orlando-Pride-Utah-Royals-FC-August-17-2019-NWSL,False,54,46
Sky-Blue-FC-Reign-FC-August-18-2019-NWSL,True,39,61
Portland-Thorns-FC-Washington-Spirit-August-17-2019-NWSL,False,41,59
Chicago-Red-Stars-Orlando-Pride-August-21-2019-NWSL,False,40,60
Washington-Spirit-Utah-Royals-FC-August-21-2019-NWSL,True,55,45
North-Carolina-Courage-Reign-FC-August-24-2019-NWSL,False,56,44
Washington-Spirit-Orlando-Pride-August-24-2019-NWSL,False,57,43
Portland-Thorns-FC-Chicago-Red-Stars-August-25-2019-NWSL,False,44,56
Houston-Dash-Sky-Blue-FC-August-24-2019-NWSL,False,47,53
Sky-Blue-FC-North-Carolina-Courage-September-7-2019-NWSL,False,57,43
Utah-Royals-FC-Portland-Thorns-FC-September-6-2019-NWSL,False,51,49
Chicago-Red-Stars-Houston-Dash-September-8-2019-NWSL,False,48,52
Reign-FC-Orlando-Pride-September-7-2019-NWSL,False,57,43
Orlando-Pride-Chicago-Red-Stars-September-11-2019-NWSL,False,56,44
Portland-Thorns-FC-North-Carolina-Courage-September-11-2019-NWSL,False,55,45
North-Carolina-Courage-Orlando-Pride-September-14-2019-NWSL,False,67,33
Washington-Spirit-Reign-FC-September-14-2019-NWSL,True,53,47
Houston-Dash-Utah-Royals-FC-September-13-2019-NWSL,False,45,55
Sky-Blue-FC-Chicago-Red-Stars-September-15-2019-NWSL,False,54,46
North-Carolina-Courage-Houston-Dash-September-17-2019-NWSL,False,61,39
Utah-Royals-FC-North-Carolina-Courage-September-21-2019-NWSL,False,58,42
Reign-FC-Sky-Blue-FC-September-21-2019-NWSL,False,42,58
Chicago-Red-Stars-Washington-Spirit-September-21-2019-NWSL,False,44,56
Portland-Thorns-FC-Houston-Dash-September-21-2019-NWSL,False,58,42
Reign-FC-Utah-Royals-FC-September-25-2019-NWSL,False,42,58
Houston-Dash-Washington-Spirit-September-25-2019-NWSL,True,49,51
Washington-Spirit-North-Carolina-Courage-September-28-2019-NWSL,False,43,57
Reign-FC-Portland-Thorns-FC-September-29-2019-NWSL,False,50,50
Sky-Blue-FC-Orlando-Pride-September-29-2019-NWSL,True,50,50
Chicago-Red-Stars-Utah-Royals-FC-September-28-2019-NWSL,False,48,52
Orlando-Pride-Washington-Spirit-October-5-2019-NWSL,False,49,51
North-Carolina-Courage-Sky-Blue-FC-October-12-2019-NWSL,False,61,39
Orlando-Pride-Reign-FC-October-12-2019-NWSL,True,52,48
Utah-Royals-FC-Houston-Dash-October-12-2019-NWSL,False,59,41
Portland-Thorns-FC-Washington-Spirit-October-12-2019-NWSL,True,56,44
North-Carolina-Courage-Reign-FC-October-20-2019-NWSL,False,58,42
Chicago-Red-Stars-Portland-Thorns-FC-October-20-2019-NWSL,False,46,54
North-Carolina-Courage-Chicago-Red-Stars-October-27-2019-NWSL,False,51,49
Racing-Louisville-Kansas-City-May-15-2021-NWSL,True,51,49
Gotham-FC-Houston-Dash-May-15-2021-NWSL,False,54,46
Portland-Thorns-FC-Chicago-Red-Stars-May-16-2021-NWSL,False,57,43
Orlando-Pride-Washington-Spirit-May-16-2021-NWSL,True,45,55
OL-Reign-North-Carolina-Courage-May-15-2021-NWSL,True,45,55
Racing-Louisville-Washington-Spirit-May-21-2021-NWSL,False,41,59
North-Carolina-Courage-Orlando-Pride-May-22-2021-NWSL,False,42,58
Portland-Thorns-FC-OL-Reign-May-23-2021-NWSL,False,40,60
Houston-Dash-Kansas-City-May-23-2021-NWSL,True,55,45
Chicago-Red-Stars-Gotham-FC-May-22-2021-NWSL,True,43,57
Orlando-Pride-Portland-Thorns-FC-May-26-2021-NWSL,False,44,56
Kansas-City-Chicago-Red-Stars-May-26-2021-NWSL,False,56,44
Washington-Spirit-Houston-Dash-May-26-2021-NWSL,False,51,49
North-Carolina-Courage-Racing-Louisville-May-28-2021-NWSL,False,60,40
Houston-Dash-Chicago-Red-Stars-May-29-2021-NWSL,False,49,51
Gotham-FC-Portland-Thorns-FC-May-30-2021-NWSL,False,48,52
OL-Reign-Washington-Spirit-May-30-2021-NWSL,False,43,57
Orlando-Pride-Kansas-City-May-30-2021-NWSL,False,45,55
Chicago-Red-Stars-North-Carolina-Courage-June-5-2021-NWSL,False,44,56
Gotham-FC-OL-Reign-June-5-2021-NWSL,False,55,45
Kansas-City-Houston-Dash-June-6-2021-NWSL,False,49,51
Washington-Spirit-Orlando-Pride-June-6-2021-NWSL,True,52,48
Portland-Thorns-FC-Racing-Louisville-June-5-2021-NWSL,False,59,41
North-Carolina-Courage-OL-Reign-June-19-2021-NWSL,False,45,55
Portland-Thorns-FC-Kansas-City-June-20-2021-NWSL,False,59,41
Racing-Louisville-Houston-Dash-June-20-2021-NWSL,False,49,51
Orlando-Pride-Gotham-FC-June-20-2021-NWSL,True,43,57
Chicago-Red-Stars-Washington-Spirit-June-19-2021-NWSL,True,49,51
Kansas-City-Orlando-Pride-June-23-2021-NWSL,False,50,50
OL-Reign-Chicago-Red-Stars-June-22-2021-NWSL,False,62,38
Racing-Louisville-North-Carolina-Courage-June-23-2021-NWSL,False,63,37
OL-Reign-Gotham-FC-June-26-2021-NWSL,False,50,50
Chicago-Red-Stars-Racing-Louisville-June-26-2021-NWSL,False,50,50
North-Carolina-Courage-Portland-Thorns-FC-June-26-2021-NWSL,False,49,51
Houston-Dash-Orlando-Pride-June-26-2021-NWSL,False,55,45
Kansas-City-Washington-Spirit-June-26-2021-NWSL,False,61,39
Gotham-FC-Kansas-City-July-2-2021-NWSL,True,57,43
Washington-Spirit-Chicago-Red-Stars-July-2-2021-NWSL,False,38,62
Racing-Louisville-Portland-Thorns-FC-July-3-2021-NWSL,False,55,45
Houston-Dash-OL-Reign-July-2-2021-NWSL,False,39,61
Orlando-Pride-North-Carolina-Courage-July-4-2021-NWSL,False,57,43
Orlando-Pride-Racing-Louisville-July-9-2021-NWSL,True,49,51
Washington-Spirit-North-Carolina-Courage-July-10-2021-NWSL,False,54,46
Portland-Thorns-FC-Gotham-FC-July-11-2021-NWSL,True,48,52
OL-Reign-Kansas-City-July-11-2021-NWSL,False,52,48
Chicago-Red-Stars-Houston-Dash-July-11-2021-NWSL,False,55,45
North-Carolina-Courage-Houston-Dash-July-17-2021-NWSL,False,37,63
Chicago-Red-Stars-OL-Reign-July-18-2021-NWSL,False,41,59
Washington-Spirit-Gotham-FC-July-18-2021-NWSL,False,61,39
Portland-Thorns-FC-Orlando-Pride-July-18-2021-NWSL,False,54,46
Kansas-City-North-Carolina-Courage-July-23-2021-NWSL,True,54,46
Orlando-Pride-OL-Reign-July-24-2021-NWSL,False,49,51
Gotham-FC-Chicago-Red-Stars-July-25-2021-NWSL,False,61,39
Houston-Dash-Portland-Thorns-FC-July-24-2021-NWSL,False,52,48
Racing-Louisville-Washington-Spirit-July-25-2021-NWSL,False,43,57
North-Carolina-Courage-Orlando-Pride-July-31-2021-NWSL,True,51,49
Portland-Thorns-FC-Kansas-City-August-1-2021-NWSL,False,54,46
Chicago-Red-Stars-Washington-Spirit-August-1-2021-NWSL,False,41,59
Houston-Dash-Gotham-FC-August-1-2021-NWSL,True,44,56
OL-Reign-Racing-Louisville-July-31-2021-NWSL,False,49,51
Gotham-FC-North-Carolina-Courage-August-7-2021-NWSL,False,49,51
Washington-Spirit-Portland-Thorns-FC-August-7-2021-NWSL,False,52,48
Racing-Louisville-Kansas-City-August-8-2021-NWSL,False,53,47
Chicago-Red-Stars-Orlando-Pride-August-8-2021-NWSL,False,54,46
OL-Reign-Houston-Dash-August-7-2021-NWSL,False,67,33
Orlando-Pride-Portland-Thorns-FC-August-14-2021-NWSL,True,46,54
Houston-Dash-Washington-Spirit-August-13-2021-NWSL,True,43,57
Gotham-FC-Racing-Louisville-August-15-2021-NWSL,True,57,43
North-Carolina-Courage-Chicago-Red-Stars-August-15-2021-NWSL,False,58,42
Kansas-City-OL-Reign-August-14-2021-NWSL,False,42,58
Racing-Louisville-Chicago-Red-Stars-August-18-2021-NWSL,True,61,39
North-Carolina-Courage-Kansas-City-August-21-2021-NWSL,False,47,53
Washington-Spirit-Orlando-Pride-August-22-2021-NWSL,False,41,59
OL-Reign-Gotham-FC-August-21-2021-NWSL,False,54,46
Kansas-City-Racing-Louisville-August-25-2021-NWSL,False,39,61
Portland-Thorns-FC-Gotham-FC-August-25-2021-NWSL,False,41,59
OL-Reign-Portland-Thorns-FC-August-29-2021-NWSL,False,40,60
Washington-Spirit-North-Carolina-Courage-August-29-2021-NWSL,True,53,47
Gotham-FC-Orlando-Pride-August-29-2021-NWSL,False,41,59
Houston-Dash-Racing-Louisville-August-29-2021-NWSL,False,48,52
Chicago-Red-Stars-Kansas-City-August-28-2021-NWSL,False,57,43
Houston-Dash-OL-Reign-September-1-2021-NWSL,False,46,54
Gotham-FC-Chicago-Red-Stars-September-4-2021-NWSL,True,57,43
Racing-Louisville-OL-Reign-September-4-2021-NWSL,True,38,62
Orlando-Pride-Houston-Dash-September-5-2021-NWSL,True,55,45
Kansas-City-North-Carolina-Courage-September-5-2021-NWSL,True,53,47
Orlando-Pride-Racing-Louisville-September-11-2021-NWSL,False,50,50
Houston-Dash-Chicago-Red-Stars-September-10-2021-NWSL,True,52,48
North-Carolina-Courage-Portland-Thorns-FC-September-12-2021-NWSL,False,52,48
Gotham-FC-North-Carolina-Courage-September-25-2021-NWSL,False,46,54
Racing-Louisville-Houston-Dash-September-26-2021-NWSL,False,53,47
OL-Reign-Orlando-Pride-September-26-2021-NWSL,False,56,44
Washington-Spirit-Kansas-City-September-26-2021-NWSL,False,54,46
Chicago-Red-Stars-Portland-Thorns-FC-September-25-2021-NWSL,False,41,59
Gotham-FC-Washington-Spirit-October-6-2021-NWSL,True,51,49
North-Carolina-Courage-Racing-Louisville-October-6-2021-NWSL,False,69,31
Portland-Thorns-FC-Houston-Dash-October-6-2021-NWSL,False,41,59
Orlando-Pride-Gotham-FC-October-9-2021-NWSL,False,53,47
Washington-Spirit-Racing-Louisville-October-9-2021-NWSL,False,58,42
OL-Reign-Chicago-Red-Stars-October-10-2021-NWSL,False,61,39
Kansas-City-Portland-Thorns-FC-October-10-2021-NWSL,True,45,55
Houston-Dash-North-Carolina-Courage-October-10-2021-NWSL,False,45,55
North-Carolina-Courage-Washington-Spirit-October-13-2021-NWSL,False,47,53
Kansas-City-Houston-Dash-October-13-2021-NWSL,False,48,52
Chicago-Red-Stars-Orlando-Pride-October-13-2021-NWSL,False,43,57
Portland-Thorns-FC-OL-Reign-October-13-2021-NWSL,True,47,53
Racing-Louisville-Orlando-Pride-October-16-2021-NWSL,False,43,57
North-Carolina-Courage-Gotham-FC-October-17-2021-NWSL,False,50,50
Houston-Dash-Portland-Thorns-FC-October-17-2021-NWSL,False,48,52
Chicago-Red-Stars-Kansas-City-October-16-2021-NWSL,False,44,56
OL-Reign-Washington-Spirit-October-16-2021-NWSL,False,43,57
Kansas-City-Gotham-FC-October-22-2021-NWSL,True,50,50
Racing-Louisville-Gotham-FC-October-28-2021-NWSL,True,45,55
Orlando-Pride-Chicago-Red-Stars-October-29-2021-NWSL,False,43,57
Washington-Spirit-Houston-Dash-October-31-2021-NWSL,False,53,47
Gotham-FC-Racing-Louisville-October-31-2021-NWSL,True,62,38
Portland-Thorns-FC-North-Carolina-Courage-October-30-2021-NWSL,True,49,51
Kansas-City-OL-Reign-October-30-2021-NWSL,False,54,46
Chicago-Red-Stars-Gotham-FC-November-7-2021-NWSL,False,41,59
Washington-Spirit-North-Carolina-Courage-November-7-2021-NWSL,False,46,54
OL-Reign-Washington-Spirit-November-14-2021-NWSL,False,47,53
Portland-Thorns-FC-Chicago-Red-Stars-November-14-2021-NWSL,False,39,61
Washington-Spirit-Chicago-Red-Stars-November-20-2021-NWSL,False,54,46
Angel-City-FC-North-Carolina-Courage-April-29-2022-NWSL,False,40,60
Portland-Thorns-FC-Kansas-City-Current-April-30-2022-NWSL,False,56,44
Washington-Spirit-OL-Reign-May-1-2022-NWSL,False,47,53
Houston-Dash-San-Diego-Wave-May-1-2022-NWSL,False,49,51
Chicago-Red-Stars-Racing-Louisville-April-30-2022-NWSL,False,40,60
Orlando-Pride-Gotham-FC-May-1-2022-NWSL,False,50,50
OL-Reign-Racing-Louisville-May-8-2022-NWSL,True,51,49
Kansas-City-Current-Houston-Dash-May-8-2022-NWSL,False,41,59
San-Diego-Wave-Gotham-FC-May-7-2022-NWSL,False,54,46
Angel-City-FC-Orlando-Pride-May-8-2022-NWSL,False,52,48
Orlando-Pride-Kansas-City-Current-May-14-2022-NWSL,True,47,53
Portland-Thorns-FC-OL-Reign-May-13-2022-NWSL,True,48,52
San-Diego-Wave-Chicago-Red-Stars-May-15-2022-NWSL,False,49,51
Washington-Spirit-Angel-City-FC-May-15-2022-NWSL,False,49,51
Racing-Louisville-Houston-Dash-May-14-2022-NWSL,True,61,39
North-Carolina-Courage-Orlando-Pride-May-18-2022-NWSL,False,45,55
Racing-Louisville-San-Diego-Wave-May-18-2022-NWSL,False,50,50
Portland-Thorns-FC-Washington-Spirit-May-18-2022-NWSL,True,48,52
Portland-Thorns-FC-Houston-Dash-May-21-2022-NWSL,False,40,60
North-Carolina-Courage-San-Diego-Wave-May-22-2022-NWSL,False,44,56
OL-Reign-Washington-Spirit-May-22-2022-NWSL,True,52,48
Gotham-FC-Racing-Louisville-May-22-2022-NWSL,False,49,51
Orlando-Pride-Chicago-Red-Stars-May-22-2022-NWSL,False,55,45
Angel-City-FC-Kansas-City-Current-May-21-2022-NWSL,False,55,45
OL-Reign-Kansas-City-Current-May-25-2022-NWSL,False,56,44
Orlando-Pride-Washington-Spirit-May-27-2022-NWSL,True,52,48
OL-Reign-San-Diego-Wave-May-29-2022-NWSL,False,45,55
Houston-Dash-North-Carolina-Courage-May-29-2022-NWSL,True,42,58
Chicago-Red-Stars-Portland-Thorns-FC-May-28-2022-NWSL,True,50,50
Kansas-City-Current-Racing-Louisville-May-30-2022-NWSL,False,39,61
Angel-City-FC-Gotham-FC-May-29-2022-NWSL,False,46,54
Washington-Spirit-Chicago-Red-Stars-June-1-2022-NWSL,True,54,46
Chicago-Red-Stars-OL-Reign-June-4-2022-NWSL,False,47,53
Gotham-FC-Washington-Spirit-June-4-2022-NWSL,False,43,57
Houston-Dash-Orlando-Pride-June-3-2022-NWSL,False,42,58
Portland-Thorns-FC-Angel-City-FC-June-3-2022-NWSL,False,41,59
Kansas-City-Current-San-Diego-Wave-June-4-2022-NWSL,True,45,55
Racing-Louisville-North-Carolina-Courage-June-4-2022-NWSL,False,54,46
Angel-City-FC-Houston-Dash-June-7-2022-NWSL,True,55,45
San-Diego-Wave-Portland-Thorns-FC-June-8-2022-NWSL,True,61,39
Chicago-Red-Stars-Washington-Spirit-June-8-2022-NWSL,True,47,53
Washington-Spirit-North-Carolina-Courage-June-11-2022-NWSL,False,54,46
San-Diego-Wave-OL-Reign-June-12-2022-NWSL,True,49,51
Chicago-Red-Stars-Orlando-Pride-June-12-2022-NWSL,False,54,46
Houston-Dash-Portland-Thorns-FC-June-12-2022-NWSL,False,52,48
Kansas-City-Current-Gotham-FC-June-11-2022-NWSL,False,52,48
Racing-Louisville-Angel-City-FC-June-11-2022-NWSL,False,45,55
Washington-Spirit-Racing-Louisville-June-17-2022-NWSL,True,53,47
Portland-Thorns-FC-Orlando-Pride-June-19-2022-NWSL,False,53,47
Gotham-FC-San-Diego-Wave-June-19-2022-NWSL,False,45,55
North-Carolina-Courage-Houston-Dash-June-19-2022-NWSL,False,44,56
OL-Reign-Angel-City-FC-June-18-2022-NWSL,False,46,54
Kansas-City-Current-Chicago-Red-Stars-June-18-2022-NWSL,True,45,55
OL-Reign-North-Carolina-Courage-July-1-2022-NWSL,False,42,58
Gotham-FC-Chicago-Red-Stars-July-2-2022-NWSL,False,54,46
Houston-Dash-Kansas-City-Current-July-1-2022-NWSL,False,51,49
Angel-City-FC-Portland-Thorns-FC-July-1-2022-NWSL,True,47,53
San-Diego-Wave-Washington-Spirit-July-3-2022-NWSL,False,44,56
Orlando-Pride-Racing-Louisville-July-3-2022-NWSL,True,55,45
Orlando-Pride-Houston-Dash-July-8-2022-NWSL,False,51,49
Racing-Louisville-Gotham-FC-July-8-2022-NWSL,False,47,53
OL-Reign-Portland-Thorns-FC-July-10-2022-NWSL,True,44,56
Washington-Spirit-Kansas-City-Current-July-10-2022-NWSL,False,47,53
Chicago-Red-Stars-North-Carolina-Courage-July-10-2022-NWSL,True,55,45
Angel-City-FC-San-Diego-Wave-July-9-2022-NWSL,False,44,56
San-Diego-Wave-Racing-Louisville-July-15-2022-NWSL,True,46,54
Washington-Spirit-Orlando-Pride-July-17-2022-NWSL,True,58,42
Kansas-City-Current-OL-Reign-July-17-2022-NWSL,False,52,48
Houston-Dash-Chicago-Red-Stars-July-16-2022-NWSL,False,47,53
Portland-Thorns-FC-Gotham-FC-July-16-2022-NWSL,False,47,53
North-Carolina-Courage-Washington-Spirit-July-29-2022-NWSL,True,44,56
Racing-Louisville-Portland-Thorns-FC-July-29-2022-NWSL,False,51,49
Gotham-FC-Houston-Dash-July-31-2022-NWSL,False,51,49
Kansas-City-Current-Orlando-Pride-July-31-2022-NWSL,True,55,45
Chicago-Red-Stars-San-Diego-Wave-July-30-2022-NWSL,False,41,59
Angel-City-FC-OL-Reign-July-30-2022-NWSL,False,55,45
Racing-Louisville-OL-Reign-August-2-2022-NWSL,True,40,60
Portland-Thorns-FC-North-Carolina-Courage-August-5-2022-NWSL,True,43,57
Racing-Louisville-Washington-Spirit-August-5-2022-NWSL,True,42,58
San-Diego-Wave-Kansas-City-Current-August-7-2022-NWSL,False,47,53
OL-Reign-Houston-Dash-August-7-2022-NWSL,False,39,61
Chicago-Red-Stars-Gotham-FC-August-7-2022-NWSL,False,61,39
Orlando-Pride-Angel-City-FC-August-7-2022-NWSL,True,53,47
Washington-Spirit-Portland-Thorns-FC-August-10-2022-NWSL,False,47,53
Houston-Dash-Racing-Louisville-August-12-2022-NWSL,True,52,48
OL-Reign-Gotham-FC-August-14-2022-NWSL,False,44,56
San-Diego-Wave-Orlando-Pride-August-13-2022-NWSL,False,44,56
North-Carolina-Courage-Kansas-City-Current-August-13-2022-NWSL,False,45,55
Angel-City-FC-Chicago-Red-Stars-August-14-2022-NWSL,False,44,56
Houston-Dash-Gotham-FC-August-17-2022-NWSL,False,49,51
Gotham-FC-Orlando-Pride-August-20-2022-NWSL,False,49,51
North-Carolina-Courage-Chicago-Red-Stars-August-20-2022-NWSL,False,53,47
Kansas-City-Current-Angel-City-FC-August-19-2022-NWSL,True,54,46
San-Diego-Wave-Houston-Dash-August-20-2022-NWSL,False,42,58
North-Carolina-Courage-Portland-Thorns-FC-August-24-2022-NWSL,False,49,51
Orlando-Pride-OL-Reign-August-26-2022-NWSL,False,48,52
Racing-Louisville-Chicago-Red-Stars-August-27-2022-NWSL,False,53,47
Gotham-FC-Angel-City-FC-August-28-2022-NWSL,False,37,63
Kansas-City-Current-North-Carolina-Courage-August-28-2022-NWSL,False,48,52
Portland-Thorns-FC-San-Diego-Wave-August-27-2022-NWSL,False,47,53
Houston-Dash-Washington-Spirit-August-27-2022-NWSL,True,51,49
Gotham-FC-North-Carolina-Courage-September-4-2022-NWSL,False,54,46
Orlando-Pride-Portland-Thorns-FC-September-9-2022-NWSL,False,61,39
Washington-Spirit-San-Diego-Wave-September-10-2022-NWSL,False,52,48
North-Carolina-Courage-Racing-Louisville-September-10-2022-NWSL,False,64,36
OL-Reign-Chicago-Red-Stars-September-9-2022-NWSL,True,44,56
Gotham-FC-Kansas-City-Current-September-11-2022-NWSL,False,48,52
Houston-Dash-Angel-City-FC-September-11-2022-NWSL,True,50,50
North-Carolina-Courage-Angel-City-FC-September-14-2022-NWSL,False,52,48
Chicago-Red-Stars-Kansas-City-Current-September-14-2022-NWSL,False,48,52
Racing-Louisville-Orlando-Pride-September-16-2022-NWSL,False,46,54
Washington-Spirit-Gotham-FC-September-17-2022-NWSL,False,53,47
North-Carolina-Courage-OL-Reign-September-17-2022-NWSL,False,44,56
Kansas-City-Current-Portland-Thorns-FC-September-18-2022-NWSL,True,42,58
San-Diego-Wave-Angel-City-FC-September-17-2022-NWSL,False,43,57
Chicago-Red-Stars-Houston-Dash-September-17-2022-NWSL,False,50,50
Gotham-FC-OL-Reign-September-21-2022-NWSL,False,47,53
Orlando-Pride-North-Carolina-Courage-September-21-2022-NWSL,False,59,41
Portland-Thorns-FC-Racing-Louisville-September-21-2022-NWSL,False,57,43
Angel-City-FC-Washington-Spirit-September-21-2022-NWSL,False,47,53
North-Carolina-Courage-Gotham-FC-September-24-2022-NWSL,False,60,40
Portland-Thorns-FC-Chicago-Red-Stars-September-25-2022-NWSL,False,54,46
Kansas-City-Current-Washington-Spirit-September-25-2022-NWSL,False,43,57
Orlando-Pride-San-Diego-Wave-September-25-2022-NWSL,True,43,57
Houston-Dash-OL-Reign-September-24-2022-NWSL,False,41,59
Angel-City-FC-Racing-Louisville-September-25-2022-NWSL,False,45,55
Gotham-FC-Portland-Thorns-FC-October-1-2022-NWSL,True,49,51
Washington-Spirit-Houston-Dash-October-1-2022-NWSL,False,50,50
San-Diego-Wave-North-Carolina-Courage-September-30-2022-NWSL,True,42,58
Racing-Louisville-Kansas-City-Current-October-1-2022-NWSL,False,51,49
Chicago-Red-Stars-Angel-City-FC-October-2-2022-NWSL,False,52,48
OL-Reign-Orlando-Pride-October-1-2022-NWSL,False,50,50
Houston-Dash-Kansas-City-Current-October-16-2022-NWSL,False,47,53
San-Diego-Wave-Chicago-Red-Stars-October-16-2022-NWSL,False,48,52
Portland-Thorns-FC-San-Diego-Wave-October-23-2022-NWSL,False,54,46
OL-Reign-Kansas-City-Current-October-23-2022-NWSL,False,39,61
Portland-Thorns-FC-Kansas-City-Current-October-29-2022-NWSL,False,53,47
North-Carolina-Courage-Kansas-City-Current-March-25-2023-NWSL,False,57,43
Portland-Thorns-FC-Orlando-Pride-March-26-2023-NWSL,False,48,52
Washington-Spirit-OL-Reign-March-26-2023-NWSL,False,41,59
Houston-Dash-Racing-Louisville-March-26-2023-NWSL,True,54,46
San-Diego-Wave-Chicago-Red-Stars-March-25-2023-NWSL,False,49,51
Angel-City-FC-Gotham-FC-March-26-2023-NWSL,False,43,57
Kansas-City-Current-Portland-Thorns-FC-April-1-2023-NWSL,False,57,43
Chicago-Red-Stars-Houston-Dash-April-1-2023-NWSL,False,50,50
Racing-Louisville-Washington-Spirit-April-1-2023-NWSL,True,52,48
Gotham-FC-OL-Reign-April-1-2023-NWSL,False,50,50
Orlando-Pride-Angel-City-FC-April-2-2023-NWSL,False,56,44
San-Diego-Wave-North-Carolina-Courage-April-1-2023-NWSL,False,43,57
North-Carolina-Courage-Washington-Spirit-April-15-2023-NWSL,False,33,67
Orlando-Pride-Gotham-FC-April-15-2023-NWSL,False,59,41
Portland-Thorns-FC-Houston-Dash-April-14-2023-NWSL,True,54,46
OL-Reign-San-Diego-Wave-April-15-2023-NWSL,False,52,48
Chicago-Red-Stars-Kansas-City-Current-April-15-2023-NWSL,False,41,59
Angel-City-FC-Racing-Louisville-April-15-2023-NWSL,True,60,40
OL-Reign-Chicago-Red-Stars-April-22-2023-NWSL,False,50,50
Washington-Spirit-Houston-Dash-April-22-2023-NWSL,True,49,51
Gotham-FC-North-Carolina-Courage-April-22-2023-NWSL,False,48,52
Kansas-City-Current-Orlando-Pride-April-23-2023-NWSL,False,47,53
Portland-Thorns-FC-Racing-Louisville-April-22-2023-NWSL,False,49,51
Angel-City-FC-San-Diego-Wave-April-23-2023-NWSL,False,50,50
Houston-Dash-North-Carolina-Courage-April-28-2023-NWSL,False,63,37
Racing-Louisville-OL-Reign-April-29-2023-NWSL,True,42,58
Kansas-City-Current-Gotham-FC-April-30-2023-NWSL,False,43,57
San-Diego-Wave-Orlando-Pride-April-29-2023-NWSL,False,46,54
Chicago-Red-Stars-Washington-Spirit-April-29-2023-NWSL,True,41,59
Portland-Thorns-FC-Angel-City-FC-April-29-2023-NWSL,True,54,46
Washington-Spirit-San-Diego-Wave-May-6-2023-NWSL,False,44,56
North-Carolina-Courage-Portland-Thorns-FC-May-6-2023-NWSL,True,49,51
Orlando-Pride-Racing-Louisville-May-6-2023-NWSL,False,47,53
Chicago-Red-Stars-Gotham-FC-May-7-2023-NWSL,False,49,51
OL-Reign-Houston-Dash-May-6-2023-NWSL,False,43,57
Angel-City-FC-Kansas-City-Current-May-7-2023-NWSL,False,49,51
Racing-Louisville-Chicago-Red-Stars-May-12-2023-NWSL,False,44,56
Houston-Dash-Portland-Thorns-FC-May-12-2023-NWSL,False,43,57
North-Carolina-Courage-OL-Reign-May-14-2023-NWSL,False,60,40
Kansas-City-Current-San-Diego-Wave-May-14-2023-NWSL,False,45,55
Gotham-FC-Orlando-Pride-May-14-2023-NWSL,True,54,46
Angel-City-FC-Washington-Spirit-May-13-2023-NWSL,False,47,53
North-Carolina-Courage-Angel-City-FC-May-20-2023-NWSL,True,60,40
Orlando-Pride-Washington-Spirit-May-20-2023-NWSL,False,45,55
Portland-Thorns-FC-Chicago-Red-Stars-May-21-2023-NWSL,False,50,50
OL-Reign-Gotham-FC-May-21-2023-NWSL,False,50,50
Kansas-City-Current-Racing-Louisville-May-20-2023-NWSL,False,50,50
Houston-Dash-San-Diego-Wave-May-20-2023-NWSL,False,50,50
OL-Reign-Angel-City-FC-May-27-2023-NWSL,False,43,57
San-Diego-Wave-Portland-Thorns-FC-May-26-2023-NWSL,True,43,57
Kansas-City-Current-Houston-Dash-May-26-2023-NWSL,False,47,53
Washington-Spirit-Gotham-FC-May-28-2023-NWSL,True,40,60
Chicago-Red-Stars-Orlando-Pride-May-27-2023-NWSL,False,46,54
Racing-Louisville-North-Carolina-Courage-May-27-2023-NWSL,False,56,44
OL-Reign-Portland-Thorns-FC-June-3-2023-NWSL,False,54,46
Gotham-FC-San-Diego-Wave-June-4-2023-NWSL,False,41,59
Houston-Dash-Orlando-Pride-June-3-2023-NWSL,False,45,55
Kansas-City-Current-North-Carolina-Courage-June-3-2023-NWSL,False,33,67
Washington-Spirit-Racing-Louisville-June-3-2023-NWSL,True,53,47
Angel-City-FC-Chicago-Red-Stars-June-5-2023-NWSL,False,42,58
Washington-Spirit-Angel-City-FC-June-10-2023-NWSL,False,44,56
Racing-Louisville-San-Diego-Wave-June-9-2023-NWSL,True,54,46
Houston-Dash-Gotham-FC-June-11-2023-NWSL,True,52,48
OL-Reign-Kansas-City-Current-June-10-2023-NWSL,False,50,50
Orlando-Pride-Portland-Thorns-FC-June-11-2023-NWSL,False,42,58
Chicago-Red-Stars-North-Carolina-Courage-June-10-2023-NWSL,False,56,44
San-Diego-Wave-Angel-City-FC-June-17-2023-NWSL,False,40,60
North-Carolina-Courage-Orlando-Pride-June-17-2023-NWSL,False,65,35
Racing-Louisville-Gotham-FC-June-18-2023-NWSL,False,41,59
Chicago-Red-Stars-Portland-Thorns-FC-June-18-2023-NWSL,False,56,44
Kansas-City-Current-Washington-Spirit-June-18-2023-NWSL,False,44,56
Houston-Dash-OL-Reign-June-17-2023-NWSL,True,49,51
North-Carolina-Courage-Racing-Louisville-June-24-2023-NWSL,False,59,41
Orlando-Pride-Kansas-City-Current-June-24-2023-NWSL,False,46,54
Portland-Thorns-FC-Washington-Spirit-June-23-2023-NWSL,False,45,55
Gotham-FC-Chicago-Red-Stars-June-25-2023-NWSL,False,58,42
San-Diego-Wave-OL-Reign-June-24-2023-NWSL,False,43,57
Angel-City-FC-Houston-Dash-June-25-2023-NWSL,True,55,45
OL-Reign-Racing-Louisville-July-1-2023-NWSL,True,47,53
Washington-Spirit-Orlando-Pride-July-1-2023-NWSL,False,45,55
North-Carolina-Courage-Houston-Dash-July-1-2023-NWSL,False,64,36
Gotham-FC-Angel-City-FC-July-2-2023-NWSL,True,50,50
Chicago-Red-Stars-San-Diego-Wave-July-1-2023-NWSL,False,40,60
Portland-Thorns-FC-Kansas-City-Current-July-1-2023-NWSL,False,41,59
Orlando-Pride-OL-Reign-July-7-2023-NWSL,False,49,51
Houston-Dash-Chicago-Red-Stars-July-7-2023-NWSL,False,50,50
Racing-Louisville-Kansas-City-Current-July-7-2023-NWSL,False,55,45
Gotham-FC-Portland-Thorns-FC-July-9-2023-NWSL,False,51,49
San-Diego-Wave-Washington-Spirit-July-8-2023-NWSL,True,58,43
Angel-City-FC-North-Carolina-Courage-July-9-2023-NWSL,False,47,53
Kansas-City-Current-OL-Reign-August-18-2023-NWSL,False,55,45
Racing-Louisville-Angel-City-FC-August-19-2023-NWSL,True,50,50
San-Diego-Wave-Gotham-FC-August-19-2023-NWSL,False,38,62
Orlando-Pride-Chicago-Red-Stars-August-20-2023-NWSL,False,49,51
Houston-Dash-Washington-Spirit-August-19-2023-NWSL,True,67,33
Portland-Thorns-FC-North-Carolina-Courage-August-20-2023-NWSL,False,37,63
Orlando-Pride-San-Diego-Wave-August-25-2023-NWSL,False,48,52
North-Carolina-Courage-Chicago-Red-Stars-August-27-2023-NWSL,True,51,49
Washington-Spirit-Portland-Thorns-FC-August-27-2023-NWSL,True,53,47
Gotham-FC-Racing-Louisville-August-27-2023-NWSL,True,59,41
Houston-Dash-Kansas-City-Current-August-26-2023-NWSL,True,47,53
Angel-City-FC-OL-Reign-August-27-2023-NWSL,False,41,59
Kansas-City-Current-Angel-City-FC-September-1-2023-NWSL,False,46,54
North-Carolina-Courage-Gotham-FC-September-2-2023-NWSL,True,54,46
Racing-Louisville-Portland-Thorns-FC-September-2-2023-NWSL,False,47,53
OL-Reign-Orlando-Pride-September-3-2023-NWSL,False,55,45
Washington-Spirit-Chicago-Red-Stars-September-3-2023-NWSL,False,48,52
San-Diego-Wave-Houston-Dash-September-3-2023-NWSL,False,61,39
Racing-Louisville-Houston-Dash-September-15-2023-NWSL,False,47,53
Gotham-FC-Washington-Spirit-September-16-2023-NWSL,False,55,45
Chicago-Red-Stars-Angel-City-FC-September-17-2023-NWSL,True,51,49
San-Diego-Wave-Kansas-City-Current-September-16-2023-NWSL,False,50,50
Orlando-Pride-North-Carolina-Courage-September-17-2023-NWSL,False,33,67
Portland-Thorns-FC-OL-Reign-September-16-2023-NWSL,False,48,52
Washington-Spirit-Kansas-City-Current-September-30-2023-NWSL,False,44,56
Gotham-FC-Houston-Dash-October-1-2023-NWSL,False,32,68
Chicago-Red-Stars-Racing-Louisville-September-30-2023-NWSL,False,56,44
Portland-Thorns-FC-San-Diego-Wave-September-30-2023-NWSL,False,49,51
OL-Reign-North-Carolina-Courage-October-1-2023-NWSL,True,32,68
Angel-City-FC-Orlando-Pride-October-2-2023-NWSL,False,37,63
Racing-Louisville-Orlando-Pride-October-6-2023-NWSL,False,51,49
Portland-Thorns-FC-Gotham-FC-October-7-2023-NWSL,False,45,55
OL-Reign-Washington-Spirit-October-6-2023-NWSL,True,45,55
North-Carolina-Courage-San-Diego-Wave-October-7-2023-NWSL,True,58,42
Houston-Dash-Angel-City-FC-October-8-2023-NWSL,False,58,42
Kansas-City-Current-Chicago-Red-Stars-October-7-2023-NWSL,False,53,47
San-Diego-Wave-Racing-Louisville-October-15-2023-NWSL,False,52,48
Angel-City-FC-Portland-Thorns-FC-October-15-2023-NWSL,False,45,55
Chicago-Red-Stars-OL-Reign-October-15-2023-NWSL,False,45,55
Orlando-Pride-Houston-Dash-October-15-2023-NWSL,False,48,52
Washington-Spirit-North-Carolina-Courage-October-15-2023-NWSL,False,66,34
Gotham-FC-Kansas-City-Current-October-15-2023-NWSL,True,51,49
OL-Reign-Angel-City-FC-October-20-2023-NWSL,False,45,55
North-Carolina-Courage-Gotham-FC-October-22-2023-NWSL,False,49,51
Portland-Thorns-FC-Gotham-FC-November-5-2023-NWSL,False,54,46
San-Diego-Wave-OL-Reign-November-5-2023-NWSL,False,47,53
OL-Reign-Gotham-FC-November-11-2023-NWSL,False,53,47
