mid,tie,w_poss,l_poss
Lyon-Stade-de-Reims-August-27-2021-Division-1-Feminine,False,65,35
Saint-Etienne-Bordeaux-August-28-2021-Division-1-Feminine,True,38,62
Paris-FC-Guingamp-August-28-2021-Division-1-Feminine,False,55,45
Dijon-Montpellier-August-28-2021-Division-1-Feminine,False,53,47
Soyaux-Issy-August-28-2021-Division-1-Feminine,False,54,46
Paris-Saint-Germain-Fleury-August-29-2021-Division-1-Feminine,False,68,32
Montpellier-Paris-Saint-Germain-September-3-2021-Division-1-Feminine,False,70,30
Fleury-Paris-FC-September-3-2021-Division-1-Feminine,False,53,47
Issy-Dijon-September-4-2021-Division-1-Feminine,False,54,46
Bordeaux-Soyaux-September-4-2021-Division-1-Feminine,False,55,45
Stade-de-Reims-Guingamp-September-4-2021-Division-1-Feminine,True,42,58
Lyon-Saint-Etienne-September-5-2021-Division-1-Feminine,False,67,33
Guingamp-Montpellier-September-10-2021-Division-1-Feminine,False,56,44
Paris-FC-Stade-de-Reims-September-11-2021-Division-1-Feminine,False,60,40
Saint-Etienne-Issy-September-11-2021-Division-1-Feminine,False,42,58
Bordeaux-Fleury-September-12-2021-Division-1-Feminine,False,42,58
Soyaux-Paris-Saint-Germain-September-12-2021-Division-1-Feminine,False,67,33
Lyon-Dijon-September-12-2021-Division-1-Feminine,False,73,27
Lyon-Guingamp-September-24-2021-Division-1-Feminine,False,66,34
Issy-Bordeaux-September-25-2021-Division-1-Feminine,False,67,33
Fleury-Soyaux-September-25-2021-Division-1-Feminine,False,42,58
Stade-de-Reims-Montpellier-September-25-2021-Division-1-Feminine,False,58,42
Dijon-Saint-Etienne-September-25-2021-Division-1-Feminine,False,46,54
Paris-Saint-Germain-Paris-FC-September-26-2021-Division-1-Feminine,False,58,42
Bordeaux-Lyon-October-1-2021-Division-1-Feminine,False,61,39
Montpellier-Fleury-October-1-2021-Division-1-Feminine,False,39,61
Issy-Stade-de-Reims-October-2-2021-Division-1-Feminine,False,51,49
Saint-Etienne-Paris-FC-October-2-2021-Division-1-Feminine,False,59,41
Soyaux-Dijon-October-2-2021-Division-1-Feminine,False,45,55
Paris-Saint-Germain-Guingamp-October-10-2021-Division-1-Feminine,False,61,39
Stade-de-Reims-Bordeaux-October-16-2021-Division-1-Feminine,False,37,63
Fleury-Dijon-October-16-2021-Division-1-Feminine,False,43,57
Paris-FC-Soyaux-October-16-2021-Division-1-Feminine,False,55,45
Guingamp-Issy-October-16-2021-Division-1-Feminine,True,65,35
Paris-Saint-Germain-Saint-Etienne-October-17-2021-Division-1-Feminine,False,65,35
Lyon-Montpellier-October-17-2021-Division-1-Feminine,False,70,30
Issy-Paris-FC-October-30-2021-Division-1-Feminine,False,72,28
Saint-Etienne-Montpellier-October-30-2021-Division-1-Feminine,False,53,47
Bordeaux-Guingamp-October-30-2021-Division-1-Feminine,False,47,53
Fleury-Stade-de-Reims-October-30-2021-Division-1-Feminine,False,43,57
Dijon-Paris-Saint-Germain-October-31-2021-Division-1-Feminine,False,72,28
Soyaux-Lyon-October-31-2021-Division-1-Feminine,False,66,34
Paris-FC-Bordeaux-November-12-2021-Division-1-Feminine,False,45,55
Montpellier-Issy-November-13-2021-Division-1-Feminine,False,62,38
Guingamp-Soyaux-November-13-2021-Division-1-Feminine,True,56,44
Saint-Etienne-Fleury-November-13-2021-Division-1-Feminine,False,41,59
Stade-de-Reims-Dijon-November-13-2021-Division-1-Feminine,True,43,57
Lyon-Paris-Saint-Germain-November-14-2021-Division-1-Feminine,False,58,42
Soyaux-Saint-Etienne-November-20-2021-Division-1-Feminine,False,46,54
Fleury-Guingamp-November-20-2021-Division-1-Feminine,False,44,56
Dijon-Paris-FC-November-20-2021-Division-1-Feminine,False,66,34
Bordeaux-Montpellier-November-20-2021-Division-1-Feminine,False,42,58
Paris-Saint-Germain-Stade-de-Reims-November-21-2021-Division-1-Feminine,False,75,25
Issy-Lyon-November-21-2021-Division-1-Feminine,False,72,28
Montpellier-Paris-FC-December-3-2021-Division-1-Feminine,True,45,55
Guingamp-Saint-Etienne-December-4-2021-Division-1-Feminine,True,48,52
Bordeaux-Dijon-December-4-2021-Division-1-Feminine,True,63,37
Stade-de-Reims-Soyaux-December-4-2021-Division-1-Feminine,False,48,52
Issy-Paris-Saint-Germain-December-4-2021-Division-1-Feminine,False,74,26
Lyon-Fleury-December-5-2021-Division-1-Feminine,False,64,36
Paris-Saint-Germain-Bordeaux-December-12-2021-Division-1-Feminine,False,69,31
Soyaux-Montpellier-December-12-2021-Division-1-Feminine,False,54,46
Dijon-Guingamp-December-12-2021-Division-1-Feminine,True,45,55
Paris-FC-Lyon-December-12-2021-Division-1-Feminine,False,49,51
Saint-Etienne-Stade-de-Reims-December-12-2021-Division-1-Feminine,False,41,59
Fleury-Issy-December-12-2021-Division-1-Feminine,False,64,36
Stade-de-Reims-Fleury-January-15-2022-Division-1-Feminine,False,53,47
Montpellier-Saint-Etienne-January-15-2022-Division-1-Feminine,False,56,44
Paris-FC-Issy-January-15-2022-Division-1-Feminine,False,66,34
Soyaux-Paris-FC-January-22-2022-Division-1-Feminine,False,58,42
Issy-Guingamp-January-22-2022-Division-1-Feminine,False,51,49
Bordeaux-Stade-de-Reims-January-22-2022-Division-1-Feminine,False,67,33
Montpellier-Lyon-January-22-2022-Division-1-Feminine,False,62,38
Saint-Etienne-Paris-Saint-Germain-January-23-2022-Division-1-Feminine,False,70,30
Guingamp-Bordeaux-January-29-2022-Division-1-Feminine,False,47,53
Fleury-Montpellier-February-4-2022-Division-1-Feminine,False,39,61
Guingamp-Paris-Saint-Germain-February-5-2022-Division-1-Feminine,False,64,36
Dijon-Soyaux-February-5-2022-Division-1-Feminine,False,44,56
Paris-FC-Saint-Etienne-February-5-2022-Division-1-Feminine,False,63,37
Stade-de-Reims-Issy-February-5-2022-Division-1-Feminine,False,57,43
Lyon-Bordeaux-February-6-2022-Division-1-Feminine,False,53,47
Dijon-Fleury-February-8-2022-Division-1-Feminine,True,51,49
Lyon-Soyaux-February-11-2022-Division-1-Feminine,False,62,38
Paris-Saint-Germain-Dijon-February-11-2022-Division-1-Feminine,False,70,30
Guingamp-Paris-FC-February-26-2022-Division-1-Feminine,False,55,45
Bordeaux-Saint-Etienne-February-26-2022-Division-1-Feminine,False,49,51
Issy-Soyaux-February-26-2022-Division-1-Feminine,False,39,61
Montpellier-Dijon-February-26-2022-Division-1-Feminine,False,63,37
Fleury-Paris-Saint-Germain-February-27-2022-Division-1-Feminine,False,72,28
Stade-de-Reims-Lyon-February-27-2022-Division-1-Feminine,False,69,31
Paris-FC-Fleury-March-11-2022-Division-1-Feminine,False,56,44
Paris-Saint-Germain-Montpellier-March-11-2022-Division-1-Feminine,True,61,39
Saint-Etienne-Lyon-March-12-2022-Division-1-Feminine,True,35,65
Soyaux-Bordeaux-March-12-2022-Division-1-Feminine,False,56,44
Guingamp-Stade-de-Reims-March-12-2022-Division-1-Feminine,False,52,48
Dijon-Issy-March-12-2022-Division-1-Feminine,False,47,53
Paris-Saint-Germain-Soyaux-March-18-2022-Division-1-Feminine,False,71,29
Dijon-Lyon-March-18-2022-Division-1-Feminine,False,67,33
Stade-de-Reims-Paris-FC-March-19-2022-Division-1-Feminine,False,60,40
Montpellier-Guingamp-March-19-2022-Division-1-Feminine,False,51,49
Issy-Saint-Etienne-March-19-2022-Division-1-Feminine,False,38,62
Fleury-Bordeaux-March-20-2022-Division-1-Feminine,False,46,54
Montpellier-Stade-de-Reims-April-2-2022-Division-1-Feminine,False,42,58
Soyaux-Fleury-April-2-2022-Division-1-Feminine,False,56,44
Bordeaux-Issy-April-2-2022-Division-1-Feminine,False,56,44
Paris-FC-Paris-Saint-Germain-April-3-2022-Division-1-Feminine,True,45,55
Guingamp-Lyon-April-3-2022-Division-1-Feminine,False,63,37
Paris-FC-Montpellier-April-15-2022-Division-1-Feminine,False,53,47
Saint-Etienne-Guingamp-April-16-2022-Division-1-Feminine,False,53,47
Soyaux-Stade-de-Reims-April-16-2022-Division-1-Feminine,False,51,49
Dijon-Bordeaux-April-16-2022-Division-1-Feminine,False,57,43
Paris-Saint-Germain-Issy-April-16-2022-Division-1-Feminine,False,72,28
Fleury-Lyon-April-17-2022-Division-1-Feminine,False,61,39
Saint-Etienne-Dijon-April-23-2022-Division-1-Feminine,True,52,48
Guingamp-Dijon-May-7-2022-Division-1-Feminine,False,52,48
Issy-Fleury-May-7-2022-Division-1-Feminine,False,62,38
Montpellier-Soyaux-May-7-2022-Division-1-Feminine,False,55,45
Stade-de-Reims-Saint-Etienne-May-7-2022-Division-1-Feminine,False,49,51
Bordeaux-Paris-Saint-Germain-May-7-2022-Division-1-Feminine,False,53,47
Lyon-Paris-FC-May-8-2022-Division-1-Feminine,False,51,49
Bordeaux-Paris-FC-May-27-2022-Division-1-Feminine,False,54,46
Dijon-Stade-de-Reims-May-28-2022-Division-1-Feminine,True,44,56
Fleury-Saint-Etienne-May-28-2022-Division-1-Feminine,False,55,45
Soyaux-Guingamp-May-28-2022-Division-1-Feminine,False,44,56
Issy-Montpellier-May-28-2022-Division-1-Feminine,False,63,37
Paris-Saint-Germain-Lyon-May-29-2022-Division-1-Feminine,False,41,59
Stade-de-Reims-Paris-Saint-Germain-June-1-2022-Division-1-Feminine,False,37,63
Montpellier-Bordeaux-June-1-2022-Division-1-Feminine,False,55,45
Guingamp-Fleury-June-1-2022-Division-1-Feminine,False,48,52
Lyon-Issy-June-1-2022-Division-1-Feminine,False,71,29
Paris-FC-Dijon-June-1-2022-Division-1-Feminine,False,66,34
Saint-Etienne-Soyaux-June-1-2022-Division-1-Feminine,False,34,66
Paris-Saint-Germain-Soyaux-September-9-2022-Division-1-Feminine,False,71,29
Bordeaux-Le-Havre-September-10-2022-Division-1-Feminine,False,53,47
Guingamp-Fleury-September-10-2022-Division-1-Feminine,False,50,50
Paris-FC-Rodez-September-10-2022-Division-1-Feminine,False,65,35
Montpellier-Dijon-September-10-2022-Division-1-Feminine,False,59,41
Stade-de-Reims-Lyon-September-11-2022-Division-1-Feminine,False,70,30
Fleury-Paris-FC-September-16-2022-Division-1-Feminine,True,39,61
Dijon-Bordeaux-September-17-2022-Division-1-Feminine,True,52,48
Stade-de-Reims-Montpellier-September-17-2022-Division-1-Feminine,False,62,38
Rodez-Paris-Saint-Germain-September-17-2022-Division-1-Feminine,False,70,30
Le-Havre-Guingamp-September-18-2022-Division-1-Feminine,False,42,58
Lyon-Soyaux-September-18-2022-Division-1-Feminine,False,67,33
Paris-FC-Le-Havre-September-23-2022-Division-1-Feminine,False,55,45
Montpellier-Lyon-September-23-2022-Division-1-Feminine,False,57,43
Soyaux-Rodez-September-24-2022-Division-1-Feminine,False,48,52
Guingamp-Dijon-September-24-2022-Division-1-Feminine,False,47,53
Bordeaux-Stade-de-Reims-September-24-2022-Division-1-Feminine,False,44,56
Paris-Saint-Germain-Fleury-September-25-2022-Division-1-Feminine,False,72,28
Montpellier-Bordeaux-September-30-2022-Division-1-Feminine,True,57,43
Fleury-Soyaux-October-1-2022-Division-1-Feminine,True,57,43
Stade-de-Reims-Guingamp-October-1-2022-Division-1-Feminine,False,46,54
Dijon-Paris-FC-October-1-2022-Division-1-Feminine,False,52,48
Lyon-Rodez-October-1-2022-Division-1-Feminine,False,66,34
Le-Havre-Paris-Saint-Germain-October-2-2022-Division-1-Feminine,True,32,68
Paris-FC-Stade-de-Reims-October-14-2022-Division-1-Feminine,True,62,38
Guingamp-Montpellier-October-15-2022-Division-1-Feminine,False,57,43
Paris-Saint-Germain-Dijon-October-15-2022-Division-1-Feminine,False,68,32
Soyaux-Le-Havre-October-15-2022-Division-1-Feminine,False,44,56
Bordeaux-Lyon-October-16-2022-Division-1-Feminine,False,66,34
Rodez-Fleury-October-16-2022-Division-1-Feminine,False,43,57
Montpellier-Paris-FC-October-28-2022-Division-1-Feminine,False,48,52
Le-Havre-Rodez-October-29-2022-Division-1-Feminine,False,56,44
Dijon-Soyaux-October-29-2022-Division-1-Feminine,False,64,36
Stade-de-Reims-Paris-Saint-Germain-October-29-2022-Division-1-Feminine,False,68,32
Bordeaux-Guingamp-October-29-2022-Division-1-Feminine,False,47,53
Lyon-Fleury-October-30-2022-Division-1-Feminine,False,73,27
Rodez-Dijon-November-4-2022-Division-1-Feminine,True,46,54
Paris-FC-Bordeaux-November-4-2022-Division-1-Feminine,True,61,39
Paris-Saint-Germain-Montpellier-November-5-2022-Division-1-Feminine,True,65,35
Fleury-Le-Havre-November-5-2022-Division-1-Feminine,False,56,44
Soyaux-Stade-de-Reims-November-5-2022-Division-1-Feminine,False,60,40
Guingamp-Lyon-November-5-2022-Division-1-Feminine,True,35,65
Montpellier-Soyaux-November-19-2022-Division-1-Feminine,True,60,40
Guingamp-Paris-FC-November-19-2022-Division-1-Feminine,False,53,47
Dijon-Fleury-November-19-2022-Division-1-Feminine,False,49,51
Stade-de-Reims-Rodez-November-19-2022-Division-1-Feminine,True,53,47
Bordeaux-Paris-Saint-Germain-November-20-2022-Division-1-Feminine,False,69,31
Lyon-Le-Havre-November-20-2022-Division-1-Feminine,False,69,31
Fleury-Stade-de-Reims-November-25-2022-Division-1-Feminine,False,45,55
Montpellier-Rodez-November-26-2022-Division-1-Feminine,False,66,34
Paris-Saint-Germain-Guingamp-November-26-2022-Division-1-Feminine,False,70,30
Soyaux-Bordeaux-November-26-2022-Division-1-Feminine,False,54,46
Le-Havre-Dijon-November-26-2022-Division-1-Feminine,False,46,54
Paris-FC-Lyon-November-27-2022-Division-1-Feminine,False,55,45
Montpellier-Fleury-December-2-2022-Division-1-Feminine,True,50,50
Stade-de-Reims-Le-Havre-December-3-2022-Division-1-Feminine,False,50,50
Bordeaux-Rodez-December-3-2022-Division-1-Feminine,False,45,55
Guingamp-Soyaux-December-3-2022-Division-1-Feminine,False,49,51
Lyon-Dijon-December-3-2022-Division-1-Feminine,False,66,34
Paris-FC-Paris-Saint-Germain-December-4-2022-Division-1-Feminine,False,62,38
Fleury-Bordeaux-December-9-2022-Division-1-Feminine,False,54,46
Dijon-Stade-de-Reims-December-10-2022-Division-1-Feminine,False,49,51
Rodez-Guingamp-December-10-2022-Division-1-Feminine,False,48,52
Soyaux-Paris-FC-December-10-2022-Division-1-Feminine,False,60,40
Le-Havre-Montpellier-December-11-2022-Division-1-Feminine,False,46,54
Lyon-Paris-Saint-Germain-December-11-2022-Division-1-Feminine,False,62,38
Paris-Saint-Germain-Rodez-January-13-2023-Division-1-Feminine,False,63,37
Bordeaux-Dijon-January-14-2023-Division-1-Feminine,False,55,45
Soyaux-Lyon-January-14-2023-Division-1-Feminine,False,67,33
Guingamp-Le-Havre-January-14-2023-Division-1-Feminine,True,43,57
Montpellier-Stade-de-Reims-January-14-2023-Division-1-Feminine,False,47,53
Paris-FC-Fleury-January-15-2023-Division-1-Feminine,False,39,61
Fleury-Paris-Saint-Germain-January-20-2023-Division-1-Feminine,True,24,76
Stade-de-Reims-Bordeaux-January-21-2023-Division-1-Feminine,False,54,46
Le-Havre-Paris-FC-January-21-2023-Division-1-Feminine,False,53,47
Dijon-Guingamp-January-21-2023-Division-1-Feminine,False,51,49
Lyon-Montpellier-January-21-2023-Division-1-Feminine,False,62,38
Bordeaux-Montpellier-February-3-2023-Division-1-Feminine,False,56,44
Rodez-Lyon-February-4-2023-Division-1-Feminine,False,65,35
Guingamp-Stade-de-Reims-February-4-2023-Division-1-Feminine,False,42,58
Soyaux-Fleury-February-4-2023-Division-1-Feminine,False,54,46
Paris-FC-Dijon-February-4-2023-Division-1-Feminine,False,59,41
Paris-Saint-Germain-Le-Havre-February-5-2023-Division-1-Feminine,False,72,28
Rodez-Soyaux-February-10-2023-Division-1-Feminine,False,52,48
Le-Havre-Soyaux-February-25-2023-Division-1-Feminine,False,56,44
Fleury-Rodez-February-25-2023-Division-1-Feminine,False,51,49
Montpellier-Guingamp-February-25-2023-Division-1-Feminine,False,42,58
Stade-de-Reims-Paris-FC-February-25-2023-Division-1-Feminine,False,55,45
Lyon-Bordeaux-February-26-2023-Division-1-Feminine,False,72,28
Dijon-Paris-Saint-Germain-February-26-2023-Division-1-Feminine,False,71,29
Paris-FC-Montpellier-March-10-2023-Division-1-Feminine,False,55,45
Fleury-Lyon-March-10-2023-Division-1-Feminine,False,68,32
Soyaux-Dijon-March-11-2023-Division-1-Feminine,True,52,48
Rodez-Le-Havre-March-11-2023-Division-1-Feminine,False,50,50
Guingamp-Bordeaux-March-11-2023-Division-1-Feminine,False,48,52
Paris-Saint-Germain-Stade-de-Reims-March-12-2023-Division-1-Feminine,False,68,32
Le-Havre-Fleury-March-24-2023-Division-1-Feminine,True,41,59
Bordeaux-Paris-FC-March-25-2023-Division-1-Feminine,True,45,55
Dijon-Rodez-March-25-2023-Division-1-Feminine,False,47,53
Stade-de-Reims-Soyaux-March-25-2023-Division-1-Feminine,False,59,41
Lyon-Guingamp-March-25-2023-Division-1-Feminine,False,60,40
Montpellier-Paris-Saint-Germain-March-26-2023-Division-1-Feminine,False,63,37
Rodez-Stade-de-Reims-March-31-2023-Division-1-Feminine,False,50,50
Paris-FC-Guingamp-March-31-2023-Division-1-Feminine,True,59,41
Fleury-Dijon-April-1-2023-Division-1-Feminine,False,59,41
Soyaux-Montpellier-April-1-2023-Division-1-Feminine,False,52,48
Paris-Saint-Germain-Bordeaux-April-2-2023-Division-1-Feminine,False,72,28
Le-Havre-Lyon-April-2-2023-Division-1-Feminine,False,67,33
Dijon-Le-Havre-April-15-2023-Division-1-Feminine,False,54,46
Stade-de-Reims-Fleury-April-15-2023-Division-1-Feminine,False,48,52
Bordeaux-Soyaux-April-15-2023-Division-1-Feminine,False,52,48
Guingamp-Paris-Saint-Germain-April-16-2023-Division-1-Feminine,False,74,26
Rodez-Montpellier-April-16-2023-Division-1-Feminine,False,57,43
Lyon-Paris-FC-April-16-2023-Division-1-Feminine,False,57,43
Soyaux-Guingamp-May-6-2023-Division-1-Feminine,False,59,41
Rodez-Bordeaux-May-6-2023-Division-1-Feminine,True,33,67
Le-Havre-Stade-de-Reims-May-6-2023-Division-1-Feminine,False,49,51
Fleury-Montpellier-May-6-2023-Division-1-Feminine,False,49,51
Dijon-Lyon-May-6-2023-Division-1-Feminine,False,65,35
Paris-Saint-Germain-Paris-FC-May-7-2023-Division-1-Feminine,True,69,31
Guingamp-Rodez-May-21-2023-Division-1-Feminine,False,58,42
Montpellier-Le-Havre-May-21-2023-Division-1-Feminine,False,57,43
Stade-de-Reims-Dijon-May-21-2023-Division-1-Feminine,False,59,41
Bordeaux-Fleury-May-21-2023-Division-1-Feminine,True,49,51
Paris-FC-Soyaux-May-21-2023-Division-1-Feminine,False,54,46
Paris-Saint-Germain-Lyon-May-21-2023-Division-1-Feminine,False,36,64
Soyaux-Paris-Saint-Germain-May-27-2023-Division-1-Feminine,False,64,36
Rodez-Paris-FC-May-27-2023-Division-1-Feminine,False,62,38
Le-Havre-Bordeaux-May-27-2023-Division-1-Feminine,False,60,40
Fleury-Guingamp-May-27-2023-Division-1-Feminine,False,52,48
Lyon-Stade-de-Reims-May-27-2023-Division-1-Feminine,False,58,42
Dijon-Montpellier-May-27-2023-Division-1-Feminine,False,34,66
Le-Havre-Lyon-September-15-2023-Division-1-Feminine,False,69,31
Montpellier-Dijon-September-16-2023-Division-1-Feminine,False,60,40
Fleury-Guingamp-September-16-2023-Division-1-Feminine,False,47,53
Lille-Paris-FC-September-16-2023-Division-1-Feminine,False,59,41
Stade-de-Reims-Saint-Etienne-September-16-2023-Division-1-Feminine,False,46,54
Bordeaux-Paris-Saint-Germain-September-17-2023-Division-1-Feminine,False,74,26
Paris-FC-Fleury-September-29-2023-Division-1-Feminine,False,65,35
Guingamp-Stade-de-Reims-September-30-2023-Division-1-Feminine,True,57,43
Saint-Etienne-Montpellier-September-30-2023-Division-1-Feminine,True,38,62
Bordeaux-Le-Havre-September-30-2023-Division-1-Feminine,True,31,69
Dijon-Lille-September-30-2023-Division-1-Feminine,True,48,52
Paris-Saint-Germain-Lyon-October-1-2023-Division-1-Feminine,False,51,49
Saint-Etienne-Paris-Saint-Germain-October-6-2023-Division-1-Feminine,False,70,30
Le-Havre-Paris-FC-October-6-2023-Division-1-Feminine,False,48,52
Lille-Fleury-October-7-2023-Division-1-Feminine,False,58,42
Montpellier-Guingamp-October-7-2023-Division-1-Feminine,False,51,49
Stade-de-Reims-Dijon-October-7-2023-Division-1-Feminine,False,43,57
Lyon-Bordeaux-October-8-2023-Division-1-Feminine,False,70,30
Bordeaux-Montpellier-October-13-2023-Division-1-Feminine,True,40,60
Paris-FC-Guingamp-October-14-2023-Division-1-Feminine,False,62,38
Le-Havre-Lille-October-14-2023-Division-1-Feminine,True,58,42
Fleury-Dijon-October-14-2023-Division-1-Feminine,False,53,47
Lyon-Saint-Etienne-October-14-2023-Division-1-Feminine,False,70,30
Montpellier-Fleury-October-20-2023-Division-1-Feminine,True,50,50
Guingamp-Bordeaux-October-21-2023-Division-1-Feminine,False,51,49
Saint-Etienne-Le-Havre-October-21-2023-Division-1-Feminine,False,59,41
Lille-Paris-Saint-Germain-October-21-2023-Division-1-Feminine,False,69,31
Dijon-Paris-FC-October-22-2023-Division-1-Feminine,False,58,42
Stade-de-Reims-Lyon-October-22-2023-Division-1-Feminine,False,68,32
Lille-Montpellier-November-3-2023-Division-1-Feminine,True,45,55
Bordeaux-Stade-de-Reims-November-4-2023-Division-1-Feminine,False,45,55
Le-Havre-Dijon-November-4-2023-Division-1-Feminine,True,66,34
Fleury-Saint-Etienne-November-4-2023-Division-1-Feminine,False,46,54
Paris-FC-Lyon-November-5-2023-Division-1-Feminine,False,50,50
Lyon-Montpellier-November-10-2023-Division-1-Feminine,False,62,38
Fleury-Bordeaux-November-11-2023-Division-1-Feminine,False,59,41
Stade-de-Reims-Le-Havre-November-11-2023-Division-1-Feminine,True,41,59
Guingamp-Lille-November-11-2023-Division-1-Feminine,False,42,58
Saint-Etienne-Paris-FC-November-11-2023-Division-1-Feminine,False,60,40
Dijon-Paris-Saint-Germain-November-12-2023-Division-1-Feminine,False,74,26
Lyon-Dijon-November-17-2023-Division-1-Feminine,False,75,25
Lille-Saint-Etienne-November-18-2023-Division-1-Feminine,False,44,56
Le-Havre-Guingamp-November-18-2023-Division-1-Feminine,False,53,47
Montpellier-Stade-de-Reims-November-18-2023-Division-1-Feminine,False,66,34
Paris-Saint-Germain-Fleury-November-19-2023-Division-1-Feminine,False,72,28
Paris-FC-Bordeaux-November-19-2023-Division-1-Feminine,False,71,29
Dijon-Saint-Etienne-November-25-2023-Division-1-Feminine,False,49,51
Bordeaux-Lille-November-25-2023-Division-1-Feminine,False,44,56
Paris-Saint-Germain-Montpellier-November-26-2023-Division-1-Feminine,False,59,41
Stade-de-Reims-Paris-FC-November-26-2023-Division-1-Feminine,True,31,69
Guingamp-Lyon-November-26-2023-Division-1-Feminine,False,66,34
Lyon-Lille-December-8-2023-Division-1-Feminine,False,64,36
Saint-Etienne-Guingamp-December-9-2023-Division-1-Feminine,False,45,55
Dijon-Bordeaux-December-9-2023-Division-1-Feminine,False,55,45
Stade-de-Reims-Fleury-December-9-2023-Division-1-Feminine,False,39,61
Montpellier-Paris-FC-December-9-2023-Division-1-Feminine,False,57,43
Le-Havre-Paris-Saint-Germain-December-10-2023-Division-1-Feminine,True,31,69
Montpellier-Le-Havre-December-15-2023-Division-1-Feminine,False,52,48
Fleury-Lyon-December-16-2023-Division-1-Feminine,False,72,28
Guingamp-Dijon-December-16-2023-Division-1-Feminine,True,50,50
Lille-Stade-de-Reims-December-16-2023-Division-1-Feminine,False,40,60
Bordeaux-Saint-Etienne-December-16-2023-Division-1-Feminine,False,46,54
Paris-FC-Paris-Saint-Germain-December-17-2023-Division-1-Feminine,False,49,51
Paris-Saint-Germain-Lille-January-9-2024-Division-1-Feminine,False,65,35
Guingamp-Montpellier-January-10-2024-Division-1-Feminine,False,60,40
Dijon-Fleury-January-10-2024-Division-1-Feminine,False,61,39
Lyon-Paris-FC-January-10-2024-Division-1-Feminine,False,57,43
Paris-Saint-Germain-Stade-de-Reims-January-17-2024-Division-1-Feminine,False,74,26
Stade-de-Reims-Guingamp-January-20-2024-Division-1-Feminine,False,47,53
Lille-Dijon-January-20-2024-Division-1-Feminine,True,57,43
Paris-Saint-Germain-Bordeaux-January-20-2024-Division-1-Feminine,False,69,31
Saint-Etienne-Fleury-January-21-2024-Division-1-Feminine,False,39,61
Montpellier-Lyon-January-21-2024-Division-1-Feminine,False,63,37
Fleury-Paris-Saint-Germain-February-2-2024-Division-1-Feminine,True,33,67
Le-Havre-Saint-Etienne-February-3-2024-Division-1-Feminine,False,51,49
Lyon-Stade-de-Reims-February-3-2024-Division-1-Feminine,False,74,26
Dijon-Montpellier-February-3-2024-Division-1-Feminine,False,43,57
Bordeaux-Guingamp-February-3-2024-Division-1-Feminine,True,61,39
Paris-FC-Lille-February-4-2024-Division-1-Feminine,False,66,34
Stade-de-Reims-Montpellier-February-9-2024-Division-1-Feminine,False,55,45
Bordeaux-Paris-FC-February-10-2024-Division-1-Feminine,False,61,39
Lille-Le-Havre-February-10-2024-Division-1-Feminine,True,45,55
Guingamp-Fleury-February-10-2024-Division-1-Feminine,False,35,65
Saint-Etienne-Dijon-February-10-2024-Division-1-Feminine,False,48,52
Lyon-Paris-Saint-Germain-February-11-2024-Division-1-Feminine,True,45,55
Paris-Saint-Germain-Guingamp-February-17-2024-Division-1-Feminine,False,71,29
Saint-Etienne-Stade-de-Reims-February-17-2024-Division-1-Feminine,False,57,43
Le-Havre-Bordeaux-February-17-2024-Division-1-Feminine,True,58,42
Fleury-Stade-de-Reims-March-2-2024-Division-1-Feminine,False,52,48
Paris-Saint-Germain-Le-Havre-March-2-2024-Division-1-Feminine,False,70,30
Montpellier-Bordeaux-March-2-2024-Division-1-Feminine,False,63,37
Lille-Guingamp-March-2-2024-Division-1-Feminine,False,45,55
Dijon-Lyon-March-3-2024-Division-1-Feminine,False,75,25
Paris-FC-Le-Havre-March-6-2024-Division-1-Feminine,False,51,49
Lyon-Fleury-March-15-2024-Division-1-Feminine,False,66,34
Guingamp-Paris-FC-March-16-2024-Division-1-Feminine,False,55,45
Paris-Saint-Germain-Saint-Etienne-March-16-2024-Division-1-Feminine,False,67,33
Bordeaux-Dijon-March-16-2024-Division-1-Feminine,False,49,51
Stade-de-Reims-Lille-March-16-2024-Division-1-Feminine,False,42,58
Le-Havre-Montpellier-March-17-2024-Division-1-Feminine,True,51,49
Fleury-Paris-FC-March-22-2024-Division-1-Feminine,False,46,54
Lille-Lyon-March-23-2024-Division-1-Feminine,False,63,37
Dijon-Guingamp-March-23-2024-Division-1-Feminine,False,46,54
Saint-Etienne-Bordeaux-March-23-2024-Division-1-Feminine,False,49,51
Le-Havre-Stade-de-Reims-March-23-2024-Division-1-Feminine,False,43,57
Montpellier-Paris-Saint-Germain-March-24-2024-Division-1-Feminine,False,68,32
Paris-FC-Montpellier-March-29-2024-Division-1-Feminine,False,53,47
Guingamp-Saint-Etienne-March-30-2024-Division-1-Feminine,False,57,43
Fleury-Lille-March-30-2024-Division-1-Feminine,True,53,47
Stade-de-Reims-Bordeaux-March-30-2024-Division-1-Feminine,False,44,56
Paris-Saint-Germain-Dijon-March-31-2024-Division-1-Feminine,False,72,28
Lyon-Le-Havre-March-31-2024-Division-1-Feminine,False,68,32
Paris-FC-Stade-de-Reims-April-12-2024-Division-1-Feminine,True,64,36
Montpellier-Lille-April-13-2024-Division-1-Feminine,False,58,42
Guingamp-Paris-Saint-Germain-April-13-2024-Division-1-Feminine,True,29,71
Dijon-Le-Havre-April-13-2024-Division-1-Feminine,False,55,45
Bordeaux-Fleury-April-14-2024-Division-1-Feminine,False,53,47
Saint-Etienne-Lyon-April-14-2024-Division-1-Feminine,False,60,40
Paris-FC-Saint-Etienne-April-19-2024-Division-1-Feminine,False,43,57
Paris-Saint-Germain-Paris-FC-April-24-2024-Division-1-Feminine,True,55,45
Lyon-Guingamp-April-24-2024-Division-1-Feminine,False,55,45
Lille-Bordeaux-April-24-2024-Division-1-Feminine,False,44,56
Le-Havre-Fleury-April-24-2024-Division-1-Feminine,False,58,42
Montpellier-Saint-Etienne-April-24-2024-Division-1-Feminine,False,48,52
Dijon-Stade-de-Reims-April-24-2024-Division-1-Feminine,True,51,49
Bordeaux-Lyon-May-8-2024-Division-1-Feminine,False,39,61
Guingamp-Le-Havre-May-8-2024-Division-1-Feminine,False,56,44
Fleury-Montpellier-May-8-2024-Division-1-Feminine,False,45,55
Saint-Etienne-Lille-May-8-2024-Division-1-Feminine,True,53,47
Stade-de-Reims-Paris-Saint-Germain-May-8-2024-Division-1-Feminine,False,43,57
Paris-FC-Dijon-May-8-2024-Division-1-Feminine,False,43,57
Paris-Saint-Germain-Paris-FC-May-11-2024-Division-1-Feminine,True,70,30
Lyon-Stade-de-Reims-May-12-2024-Division-1-Feminine,False,69,31
Paris-FC-Stade-de-Reims-May-17-2024-Division-1-Feminine,True,56,44
Lyon-Paris-Saint-Germain-May-17-2024-Division-1-Feminine,False,40,60
